{
    "datatime": 1142267459,
    "description": "The solar system",
    "G": 6.673e-11,
    "time": 0,
    "name": "solar_system",

    "bodies":
	{
        "sun":
        {
            "name": "The Sun",
            "color": "orange",
            "m": 1.9891e+30,
            "r": 695500000.0,
            "velocity": {"y": 0, "x": 0, "z": 0},
            "position": {"y": 0, "x": 0, "z": 0}
        },

        "pluto":
        {
            "name": "Pluto",
            "color": "blue",
            "m": 1.309e+22,
            "r": 1180000,
            "velocity": {"y": -1.514216837207311E+3, "x": 5.503866705944604E+3, "z": -1.438695716884243E+3},
            "position": {"y": -4.590367264913014E+12, "x": -4.212554552870540E+11, "z":  6.128632096545265E+11}
        },

        "moon":
        {
            "name": "Moon",
            "color": "moon",
            "m": 7.34767309e+22,
            "r": 1737400,
            "velocity": {"y": -3.056891754380418E+4, "x": -4.494425536908848E+3, "z": -7.976938238241826E+1},
            "position": {"y": 1.848428643699841E+10, "x": -1.479450846613989E+11, "z": 1.562411356386876E+7}
        },

        "dei":
        {
            "name": "Deimos",
            "color": "mars",
            "m": 1480000000000000.0,
            "r": 6200,
            "velocity": {"y": -7.249782097839065E+3, "x": -2.137639113019043E+4, "z": 4.139695532875755E+1},
            "position": {"y": 2.273889953541276E+11, "x": -8.095573344045979E+10, "z": 6.761709452940771E+9}
        },

        "jup":
        {
            "name": "Jupiter",
            "color": "mars",
            "m": 1.89813e+27,
            "r": 71492000,
            "velocity": {"y": -9.411654458507702E+3, "x": 8.233203695042778E+3, "z": -1.452083717900157E+2},
            "position": {"y": -5.214416574372101E+11, "x": -6.226356692937431E+11, "z": 1.609752286917011E+10}
        },

        "phob":
        {
            "name": "Phobos",
            "color": "mars",
            "m": 1.08e+16,
            "r": 22.2,
            "velocity": {"y": -8.151112313932003E+3, "x": -2.220726809057539E+4, "z": 3.997735282454686E+2},
            "position": {"y": 2.274013618309743E+11, "x": -8.094546393669455E+10, "z": 6.757165435305049E+9}
        },

        "apo":
        {
            "name": "Apophis",
            "color": "blue",
            "m": 27000000000.0,
            "r": 135,
            "velocity": {"y": -2.604152339079035E+4, "x": 6.827963277959320E+3, "z": 1.544317329243353E+3},
            "position": {"y": -1.948881123506603E+10, "x": -1.559182525247426E+11, "z": -2.725552269009577E+9}
        },

        "mars":
        {
            "name": "Mars",
            "color": "mars",
            "m": 6.41693e+23,
            "r": 3397000,
            "velocity": {"y": -6.064656802680744E+3, "x": -2.190933345709028E+4, "z": 4.111465307547019E+2},
            "position": {"y": 2.274001268864115E+11, "x": -8.093700196992984E+10, "z": 6.753010022585733E+9}
        },

        "uran":
        {
            "name": "Uranus",
            "color": "blue",
            "m": 8.68103e+25,
            "r": 25559000,
            "velocity": {"y":  6.102736396673420E+3, "x": 2.197750297677420E+3, "z": -5.729172911939691E+0},
            "position": {"y": -9.890903121192712E+11, "x": 2.835728364917908E+12, "z": -4.040261047182374E+10}
        },

        "earth":
        {
            "name": "Earth",
            "color": "earth",
            "m": 5.97219e+24,
            "r": 6378100,
            "velocity": {"y": -2.966201843035134E+4, "x": -4.154357507819870E+3, "z": 1.428378934709647E+0},
            "position": {"y": 1.834094213131642E+10, "x": -1.475654270578275E+11, "z": -1.720180431617314E+5}
        },

        "venus":
        {
            "name": "Venus",
            "color": "mars",
            "m": 4.86732e+24,
            "r": 6051800,
            "velocity": {"y": -3.085896140979264E+4, "x": 1.661322240614857E+4, "z": -1.381114556180933E+3},
            "position": {"y": -5.195738646850542E+10, "x": -9.461236442355417E+10, "z": 4.749695234252864E+9}
        },

        "merc":
        {
            "name": "Mercury",
            "color": "mars",
            "m": 3.30104e+23,
            "r": 2439700.0,
            "velocity": {"y": -4.658790336366766E+4, "x": -1.179887453107446E+4, "z": -2.723342317439525E+3},
            "position": {"y": 1.963895677831353E+9, "x": -5.730179611929864E+10, "z": 5.419068833578369E+9}
        },

        "nep":
        {
            "name": "Neptune",
            "color": "blue",
            "m": 1.0241e+26,
            "r": 24764000,
            "velocity": {"y": 4.023690764520217E+3, "x": 3.646408196791825E+3, "z": -1.667299247789049E+2},
            "position": {"y": -3.042383160632343E+12, "x": 3.310788296922284E+12, "z": -1.365049348084159E+10}
        },

        "sat":
        {
            "name": "Saturn",
            "color": "mars",
            "m": 5.68319e+26,
            "r": 60268000,
            "velocity": {"y": -6.162497448239511E+3, "x": -7.973957367034759E+3, "z": 4.242411149752467E+2},
            "position": {"y": 1.053898444029495E+12, "x": -8.661425001098216E+11, "z": 1.611991048087505E+10}
        }
    }
}
